{"cameraMode":{"drawMode":0,"name":"Shaded","section":"Shading Mode"},"sceneLighting":true,"audioPlay":false,"sceneViewState":{"showFog":true,"showMaterialUpdate":false,"showSkybox":true,"showFlares":true,"showImageEffects":true,"showParticleSystems":true},"in2DMode":false,"pivot":{"x":-8.717300415039063,"y":36.207794189453128,"z":-65.88667297363281},"rotation":{"x":0.056022755801677707,"y":0.6092208623886108,"z":-0.04321226850152016,"w":0.7898380756378174},"size":121.3494873046875,"orthographic":false}