{"cameraMode":{"drawMode":0,"name":"Shaded","section":"Shading Mode"},"sceneLighting":false,"audioPlay":false,"sceneViewState":{"showFog":true,"showMaterialUpdate":false,"showSkybox":true,"showFlares":true,"showImageEffects":true,"showParticleSystems":true},"in2DMode":false,"pivot":{"x":534.4982299804688,"y":550.607177734375,"z":329.48541259765627},"rotation":{"x":0.056022755801677707,"y":0.6092208623886108,"z":-0.04321226850152016,"w":0.7898380756378174},"size":41.03779983520508,"orthographic":false}