{"cameraMode":{"drawMode":0,"name":"Shaded","section":"Shading Mode"},"sceneLighting":true,"audioPlay":false,"sceneViewState":{"showFog":true,"showMaterialUpdate":false,"showSkybox":true,"showFlares":true,"showImageEffects":true,"showParticleSystems":true},"in2DMode":false,"pivot":{"x":74.96949005126953,"y":2.4884471893310549,"z":-5.829145431518555},"rotation":{"x":0.3102322816848755,"y":0.43261051177978518,"z":-0.16150861978530885,"w":0.8309747576713562},"size":114.95380401611328,"orthographic":false}