{"cameraMode":{"drawMode":0,"name":"Shaded","section":"Shading Mode"},"sceneLighting":true,"audioPlay":false,"sceneViewState":{"showFog":true,"showMaterialUpdate":false,"showSkybox":true,"showFlares":true,"showImageEffects":true,"showParticleSystems":true},"in2DMode":false,"pivot":{"x":108.34339141845703,"y":15.42092227935791,"z":-15.020395278930664},"rotation":{"x":0.17541654407978059,"y":-0.7553112506866455,"z":0.22449049353599549,"w":0.5902017951011658},"size":0.3452344536781311,"orthographic":false}