{"cameraMode":{"drawMode":0,"name":"Shaded","section":"Shading Mode"},"sceneLighting":true,"audioPlay":false,"sceneViewState":{"showFog":true,"showMaterialUpdate":false,"showSkybox":true,"showFlares":true,"showImageEffects":true,"showParticleSystems":true},"in2DMode":false,"pivot":{"x":-8.737380981445313,"y":52.25529861450195,"z":15.242023468017579},"rotation":{"x":-0.019206838682293893,"y":0.9020052552223206,"z":-0.4294065237045288,"w":-0.04034525528550148},"size":16.471908569335939,"orthographic":false}