{"cameraMode":{"drawMode":0,"name":"Shaded","section":"Shading Mode"},"sceneLighting":false,"audioPlay":false,"sceneViewState":{"showFog":true,"showMaterialUpdate":false,"showSkybox":true,"showFlares":true,"showImageEffects":true,"showParticleSystems":true},"in2DMode":false,"pivot":{"x":0.20497918128967286,"y":1.0405930280685425,"z":0.9427101612091065},"rotation":{"x":-0.13941480219364167,"y":0.626288652420044,"z":-0.11513935774564743,"w":-0.7583330869674683},"size":4.041658401489258,"orthographic":false}