{"cameraMode":{"drawMode":0,"name":"Shaded","section":"Shading Mode"},"sceneLighting":true,"audioPlay":false,"sceneViewState":{"showFog":true,"showMaterialUpdate":false,"showSkybox":true,"showFlares":true,"showImageEffects":true,"showParticleSystems":true},"in2DMode":false,"pivot":{"x":35.909034729003909,"y":-7.64750862121582,"z":6.008418083190918},"rotation":{"x":0.23497448861598969,"y":-0.43138575553894045,"z":0.11744450032711029,"w":0.8630759716033936},"size":32.24432373046875,"orthographic":false}