{"cameraMode":{"drawMode":0,"name":"Shaded","section":"Shading Mode"},"sceneLighting":true,"audioPlay":false,"sceneViewState":{"showFog":true,"showMaterialUpdate":false,"showSkybox":true,"showFlares":true,"showImageEffects":true,"showParticleSystems":true},"in2DMode":false,"pivot":{"x":-19.382129669189454,"y":4.181988716125488,"z":-12.461719512939454},"rotation":{"x":-0.059388212859630588,"y":-0.7495278716087341,"z":0.06787586957216263,"w":-0.6558002233505249},"size":49.42176055908203,"orthographic":false}