{"cameraMode":{"drawMode":0,"name":"Shaded","section":"Shading Mode"},"sceneLighting":true,"audioPlay":false,"sceneViewState":{"showFog":true,"showMaterialUpdate":false,"showSkybox":true,"showFlares":true,"showImageEffects":true,"showParticleSystems":true},"in2DMode":false,"pivot":{"x":59.01701354980469,"y":17.488319396972658,"z":-17.634525299072267},"rotation":{"x":-0.02710134908556938,"y":0.8333656787872315,"z":0.04102475568652153,"w":0.5505308508872986},"size":32.175174713134769,"orthographic":false}