{"cameraMode":{"drawMode":0,"name":"Shaded","section":"Shading Mode"},"sceneLighting":false,"audioPlay":false,"sceneViewState":{"showFog":true,"showMaterialUpdate":false,"showSkybox":true,"showFlares":true,"showImageEffects":true,"showParticleSystems":true},"in2DMode":false,"pivot":{"x":1.1532089710235596,"y":1.0,"z":0.12855756282806397},"rotation":{"x":-0.13941480219364167,"y":0.626288652420044,"z":-0.11513935774564743,"w":-0.7583330869674683},"size":6.001555919647217,"orthographic":false}