{"cameraMode":{"drawMode":1,"name":"Wireframe","section":"Shading Mode"},"sceneLighting":true,"audioPlay":false,"sceneViewState":{"showFog":true,"showMaterialUpdate":false,"showSkybox":true,"showFlares":true,"showImageEffects":true,"showParticleSystems":true},"in2DMode":false,"pivot":{"x":-11.84500789642334,"y":92.8888931274414,"z":7.142599105834961},"rotation":{"x":0.35518065094947817,"y":0.5633326172828674,"z":-0.29135391116142275,"w":0.6867430806159973},"size":4.431332588195801,"orthographic":false}