{"cameraMode":{"drawMode":0,"name":"Shaded","section":"Shading Mode"},"sceneLighting":false,"audioPlay":false,"sceneViewState":{"showFog":true,"showMaterialUpdate":false,"showSkybox":true,"showFlares":true,"showImageEffects":true,"showParticleSystems":true},"in2DMode":false,"pivot":{"x":33.87446212768555,"y":11.308211326599121,"z":85.58647155761719},"rotation":{"x":-0.058216601610183719,"y":0.9221786260604858,"z":0.1532585173845291,"w":0.3502989113330841},"size":16.959104537963868,"orthographic":false}