{"cameraMode":{"drawMode":0,"name":"Shaded","section":"Shading Mode"},"sceneLighting":false,"audioPlay":false,"sceneViewState":{"showFog":true,"showMaterialUpdate":false,"showSkybox":true,"showFlares":true,"showImageEffects":true,"showParticleSystems":true},"in2DMode":false,"pivot":{"x":-6.464673042297363,"y":0.09000003337860108,"z":-15.964446067810059},"rotation":{"x":0.012901007197797299,"y":-0.2949170470237732,"z":0.003982927650213242,"w":0.9554274678230286},"size":12.466008186340332,"orthographic":false}