{"cameraMode":{"drawMode":2,"name":"Shaded Wireframe","section":"Shading Mode"},"sceneLighting":true,"audioPlay":false,"sceneViewState":{"showFog":true,"showMaterialUpdate":false,"showSkybox":true,"showFlares":true,"showImageEffects":true,"showParticleSystems":true},"in2DMode":false,"pivot":{"x":67.56456756591797,"y":8.618900299072266,"z":28.06668472290039},"rotation":{"x":0.007498154416680336,"y":0.983281135559082,"z":-0.041630517691373828,"w":0.17711251974105836},"size":0.8595125079154968,"orthographic":false}