{"cameraMode":{"drawMode":0,"name":"Shaded","section":"Shading Mode"},"sceneLighting":false,"audioPlay":false,"sceneViewState":{"showFog":true,"showMaterialUpdate":false,"showSkybox":true,"showFlares":true,"showImageEffects":true,"showParticleSystems":true},"in2DMode":false,"pivot":{"x":4.769331455230713,"y":0.27674049139022829,"z":-2.0688533782958986},"rotation":{"x":0.10717099905014038,"y":0.20777463912963868,"z":-0.022908898070454599,"w":0.9720181822776794},"size":1.0657596588134766,"orthographic":false}