{"cameraMode":{"drawMode":0,"name":"Shaded","section":"Shading Mode"},"sceneLighting":false,"audioPlay":false,"sceneViewState":{"showFog":true,"showMaterialUpdate":false,"showSkybox":true,"showFlares":true,"showImageEffects":true,"showParticleSystems":true},"in2DMode":false,"pivot":{"x":11.378375053405762,"y":0.07800006866455078,"z":-1.831489086151123},"rotation":{"x":0.012901007197797299,"y":-0.2949170470237732,"z":0.003982927650213242,"w":0.9554274678230286},"size":25.867937088012697,"orthographic":false}