{"cameraMode":{"drawMode":0,"name":"Shaded","section":"Shading Mode"},"sceneLighting":true,"audioPlay":false,"sceneViewState":{"showFog":true,"showMaterialUpdate":false,"showSkybox":true,"showFlares":true,"showImageEffects":true,"showParticleSystems":true},"in2DMode":false,"pivot":{"x":55.870643615722659,"y":-1.5720300674438477,"z":-64.2183837890625},"rotation":{"x":0.05415916070342064,"y":0.939754068851471,"z":-0.1771443635225296,"w":0.28731343150138857},"size":34.90406036376953,"orthographic":false}