{"cameraMode":{"drawMode":0,"name":"Shaded","section":"Shading Mode"},"sceneLighting":true,"audioPlay":false,"sceneViewState":{"showFog":true,"showMaterialUpdate":false,"showSkybox":true,"showFlares":true,"showImageEffects":true,"showParticleSystems":true},"in2DMode":false,"pivot":{"x":35.51338195800781,"y":-18.063814163208009,"z":-62.46739959716797},"rotation":{"x":0.09683012217283249,"y":0.845860481262207,"z":-0.16443364322185517,"w":0.49810194969177248},"size":77.77674102783203,"orthographic":false}