{"cameraMode":{"drawMode":1,"name":"Wireframe","section":"Shading Mode"},"sceneLighting":true,"audioPlay":false,"sceneViewState":{"showFog":true,"showMaterialUpdate":false,"showSkybox":true,"showFlares":true,"showImageEffects":true,"showParticleSystems":true},"in2DMode":false,"pivot":{"x":-40.900001525878909,"y":8.630000114440918,"z":-9.800000190734864},"rotation":{"x":0.039626121520996097,"y":0.23807412385940553,"z":-0.00972228217869997,"w":0.9703896641731262},"size":22.0,"orthographic":false}
