{"cameraMode":{"drawMode":0,"name":"Shaded","section":"Shading Mode"},"sceneLighting":true,"audioPlay":false,"sceneViewState":{"showFog":true,"showMaterialUpdate":false,"showSkybox":true,"showFlares":true,"showImageEffects":true,"showParticleSystems":true},"in2DMode":false,"pivot":{"x":434.9742431640625,"y":43.23070526123047,"z":-31.004791259765626},"rotation":{"x":-0.001224012579768896,"y":0.9927196502685547,"z":-0.12001544237136841,"w":-0.010124525055289269},"size":483.4715576171875,"orthographic":false}