{"cameraMode":{"drawMode":0,"name":"Shaded","section":"Shading Mode"},"sceneLighting":true,"audioPlay":false,"sceneViewState":{"showFog":true,"showMaterialUpdate":false,"showSkybox":true,"showFlares":true,"showImageEffects":true,"showParticleSystems":true},"in2DMode":false,"pivot":{"x":-43.900001525878909,"y":8.630000114440918,"z":-31.200000762939454},"rotation":{"x":0.10717099905014038,"y":0.20777463912963868,"z":-0.022908898070454599,"w":0.9720181822776794},"size":22.0,"orthographic":false}