{"cameraMode":{"drawMode":0,"name":"Shaded","section":"Shading Mode"},"sceneLighting":false,"audioPlay":false,"sceneViewState":{"showFog":true,"showMaterialUpdate":false,"showSkybox":true,"showFlares":true,"showImageEffects":true,"showParticleSystems":true},"in2DMode":false,"pivot":{"x":-3.7468245029449465,"y":4.6501359939575199,"z":7.258575439453125},"rotation":{"x":0.017827142030000688,"y":0.953508734703064,"z":-0.2952786087989807,"w":0.05756711959838867},"size":22.0,"orthographic":false}