{"cameraMode":{"drawMode":0,"name":"Shaded","section":"Shading Mode"},"sceneLighting":false,"audioPlay":false,"sceneViewState":{"showFog":true,"showMaterialUpdate":false,"showSkybox":true,"showFlares":true,"showImageEffects":true,"showParticleSystems":true},"in2DMode":false,"pivot":{"x":-4.234615325927734,"y":2.4200000762939455,"z":-21.918960571289064},"rotation":{"x":0.012901007197797299,"y":-0.2949170470237732,"z":0.003982927650213242,"w":0.9554274678230286},"size":8.156551361083985,"orthographic":false}