{"cameraMode":{"drawMode":0,"name":"Shaded","section":"Shading Mode"},"sceneLighting":false,"audioPlay":false,"sceneViewState":{"showFog":true,"showMaterialUpdate":false,"showSkybox":true,"showFlares":true,"showImageEffects":true,"showParticleSystems":true},"in2DMode":false,"pivot":{"x":-0.01172933541238308,"y":0.7795242667198181,"z":0.017485320568084718},"rotation":{"x":0.012901007197797299,"y":-0.2949170470237732,"z":0.003982927650213242,"w":0.9554274678230286},"size":5.290087699890137,"orthographic":false}