{"cameraMode":{"drawMode":0,"name":"Shaded","section":"Shading Mode"},"sceneLighting":false,"audioPlay":false,"sceneViewState":{"showFog":true,"showMaterialUpdate":false,"showSkybox":true,"showFlares":true,"showImageEffects":true,"showParticleSystems":true},"in2DMode":false,"pivot":{"x":7.891108512878418,"y":1.4057683944702149,"z":-32.435821533203128},"rotation":{"x":0.17636574804782868,"y":-0.3385409712791443,"z":0.06475859135389328,"w":0.9220041036605835},"size":13.84843635559082,"orthographic":false}