{"cameraMode":{"drawMode":1,"name":"Wireframe","section":"Shading Mode"},"sceneLighting":true,"audioPlay":false,"sceneViewState":{"showFog":true,"showMaterialUpdate":false,"showSkybox":true,"showFlares":true,"showImageEffects":true,"showParticleSystems":true},"in2DMode":false,"pivot":{"x":55.06671905517578,"y":12.170613288879395,"z":17.732975006103517},"rotation":{"x":0.039626121520996097,"y":0.23807412385940553,"z":-0.00972228217869997,"w":0.9703896641731262},"size":11.881755828857422,"orthographic":false}