{"cameraMode":{"drawMode":0,"name":"Shaded","section":"Shading Mode"},"sceneLighting":true,"audioPlay":false,"sceneViewState":{"showFog":true,"showMaterialUpdate":false,"showSkybox":true,"showFlares":true,"showImageEffects":true,"showParticleSystems":true},"in2DMode":false,"pivot":{"x":-8.503856658935547,"y":-26.53937530517578,"z":-20.41412353515625},"rotation":{"x":0.13451562821865083,"y":0.8471069931983948,"z":-0.44620540738105776,"w":0.2553742527961731},"size":134.7262420654297,"orthographic":false}
