{"cameraMode":{"drawMode":0,"name":"Shaded","section":"Shading Mode"},"sceneLighting":false,"audioPlay":false,"sceneViewState":{"showFog":true,"showMaterialUpdate":false,"showSkybox":true,"showFlares":true,"showImageEffects":true,"showParticleSystems":true},"in2DMode":false,"pivot":{"x":-2.707317590713501,"y":4.075382232666016,"z":-1.7140698432922364},"rotation":{"x":0.012901007197797299,"y":-0.2949170470237732,"z":0.003982927650213242,"w":0.9554274678230286},"size":33.24734878540039,"orthographic":false}