{"cameraMode":{"drawMode":0,"name":"Shaded","section":"Shading Mode"},"sceneLighting":false,"audioPlay":false,"sceneViewState":{"showFog":true,"showMaterialUpdate":false,"showSkybox":true,"showFlares":true,"showImageEffects":true,"showParticleSystems":true},"in2DMode":false,"pivot":{"x":6.472788333892822,"y":0.6362981796264648,"z":-2.744029998779297},"rotation":{"x":0.10717099905014038,"y":0.20777463912963868,"z":-0.022908898070454599,"w":0.9720181822776794},"size":10.71557903289795,"orthographic":false}