{"cameraMode":{"drawMode":1,"name":"Wireframe","section":"Shading Mode"},"sceneLighting":true,"audioPlay":false,"sceneViewState":{"showFog":true,"showMaterialUpdate":false,"showSkybox":true,"showFlares":true,"showImageEffects":true,"showParticleSystems":true},"in2DMode":false,"pivot":{"x":69.37213134765625,"y":11.517475128173829,"z":8.569141387939454},"rotation":{"x":0.04385995492339134,"y":0.3482273519039154,"z":-0.016313819214701654,"w":0.9362413883209229},"size":54.64599609375,"orthographic":false}