{"cameraMode":{"drawMode":0,"name":"Shaded","section":"Shading Mode"},"sceneLighting":true,"audioPlay":false,"sceneViewState":{"showFog":true,"showMaterialUpdate":false,"showSkybox":true,"showFlares":true,"showImageEffects":true,"showParticleSystems":true},"in2DMode":false,"pivot":{"x":-43.92028045654297,"y":-8.390351295471192,"z":-100.90445709228516},"rotation":{"x":-0.016321752220392228,"y":0.9755609631538391,"z":-0.07772278040647507,"w":-0.20487475395202638},"size":209.42076110839845,"orthographic":false}