{"cameraMode":{"drawMode":0,"name":"Shaded","section":"Shading Mode"},"sceneLighting":true,"audioPlay":false,"sceneViewState":{"showFog":true,"showMaterialUpdate":false,"showSkybox":true,"showFlares":true,"showImageEffects":true,"showParticleSystems":true},"in2DMode":false,"pivot":{"x":83.3921127319336,"y":-86.85438537597656,"z":-155.51019287109376},"rotation":{"x":-0.012068250216543675,"y":-0.9693265557289124,"z":0.24061718583106996,"w":-0.04861920699477196},"size":204.97869873046876,"orthographic":false}