{"cameraMode":{"drawMode":0,"name":"Shaded","section":"Shading Mode"},"sceneLighting":false,"audioPlay":false,"sceneViewState":{"showFog":true,"showMaterialUpdate":false,"showSkybox":true,"showFlares":true,"showImageEffects":true,"showParticleSystems":true},"in2DMode":false,"pivot":{"x":497.6775817871094,"y":343.204345703125,"z":145.18096923828126},"rotation":{"x":-0.0013090118300169707,"y":0.998097836971283,"z":-0.05727073550224304,"w":-0.022782405838370324},"size":1380.566650390625,"orthographic":false}