{"cameraMode":{"drawMode":0,"name":"Shaded","section":"Shading Mode"},"sceneLighting":false,"audioPlay":false,"sceneViewState":{"showFog":true,"showMaterialUpdate":false,"showSkybox":true,"showFlares":true,"showImageEffects":true,"showParticleSystems":true},"in2DMode":false,"pivot":{"x":-10.588903427124024,"y":-0.09386134147644043,"z":-8.277871131896973},"rotation":{"x":-0.029429437592625619,"y":-0.9414119124412537,"z":0.08525241911411286,"w":-0.3249763548374176},"size":15.702688217163086,"orthographic":false}