{"cameraMode":{"drawMode":0,"name":"Shaded","section":"Shading Mode"},"sceneLighting":false,"audioPlay":false,"sceneViewState":{"showFog":true,"showMaterialUpdate":false,"showSkybox":true,"showFlares":true,"showImageEffects":true,"showParticleSystems":true},"in2DMode":false,"pivot":{"x":68.14800262451172,"y":4.388920307159424,"z":-25.05483055114746},"rotation":{"x":-0.036500491201877597,"y":0.6253607273101807,"z":-0.029301706701517106,"w":-0.7789307236671448},"size":8.57805347442627,"orthographic":false}