{"cameraMode":{"drawMode":0,"name":"Shaded","section":"Shading Mode"},"sceneLighting":true,"audioPlay":false,"sceneViewState":{"showFog":true,"showMaterialUpdate":false,"showSkybox":true,"showFlares":true,"showImageEffects":true,"showParticleSystems":true},"in2DMode":false,"pivot":{"x":510.4756164550781,"y":57.011444091796878,"z":9.49560546875},"rotation":{"x":-0.0022193545009940864,"y":0.997756838798523,"z":-0.04373951256275177,"w":-0.05062882602214813},"size":391.14166259765627,"orthographic":false}