{"cameraMode":{"drawMode":0,"name":"Shaded","section":"Shading Mode"},"sceneLighting":false,"audioPlay":false,"sceneViewState":{"showFog":true,"showMaterialUpdate":false,"showSkybox":true,"showFlares":true,"showImageEffects":true,"showParticleSystems":true},"in2DMode":false,"pivot":{"x":0.6202529072761536,"y":1.2565417289733887,"z":0.2197633981704712},"rotation":{"x":-0.07821860164403916,"y":0.017043761909008027,"z":-0.0013375256676226855,"w":-0.9967896938323975},"size":1.5000572204589844,"orthographic":false}