{"cameraMode":{"drawMode":0,"name":"Shaded","section":"Shading Mode"},"sceneLighting":false,"audioPlay":false,"sceneViewState":{"showFog":true,"showMaterialUpdate":false,"showSkybox":true,"showFlares":true,"showImageEffects":true,"showParticleSystems":true},"in2DMode":false,"pivot":{"x":-2.268967628479004,"y":0.2500944137573242,"z":9.37101936340332},"rotation":{"x":-0.029429437592625619,"y":-0.9414119124412537,"z":0.08525241911411286,"w":-0.3249763548374176},"size":16.562105178833009,"orthographic":false}