{"cameraMode":{"drawMode":0,"name":"Shaded","section":"Shading Mode"},"sceneLighting":false,"audioPlay":false,"sceneViewState":{"showFog":true,"showMaterialUpdate":false,"showSkybox":true,"showFlares":true,"showImageEffects":true,"showParticleSystems":true},"in2DMode":false,"pivot":{"x":2.9651427268981935,"y":0.7757046222686768,"z":0.16019248962402345},"rotation":{"x":0.17192509770393372,"y":0.019815195351839067,"z":-0.0034608475398272278,"w":0.9849046468734741},"size":8.228447914123536,"orthographic":false}