{"cameraMode":{"drawMode":0,"name":"Shaded","section":"Shading Mode"},"sceneLighting":false,"audioPlay":false,"sceneViewState":{"showFog":true,"showMaterialUpdate":false,"showSkybox":true,"showFlares":true,"showImageEffects":true,"showParticleSystems":true},"in2DMode":false,"pivot":{"x":3.164530038833618,"y":1.611853837966919,"z":4.140620231628418},"rotation":{"x":-0.01446151826530695,"y":0.8035275340080261,"z":-0.01953752338886261,"w":-0.594771146774292},"size":3.1649997234344484,"orthographic":false}