{"cameraMode":{"drawMode":0,"name":"Shaded","section":"Shading Mode"},"sceneLighting":false,"audioPlay":false,"sceneViewState":{"showFog":true,"showMaterialUpdate":false,"showSkybox":true,"showFlares":true,"showImageEffects":true,"showParticleSystems":true},"in2DMode":false,"pivot":{"x":0.40080541372299197,"y":0.9257771968841553,"z":0.3174891471862793},"rotation":{"x":0.17192509770393372,"y":0.019815195351839067,"z":-0.0034608475398272278,"w":0.9849046468734741},"size":9.427533149719239,"orthographic":false}