{"cameraMode":{"drawMode":0,"name":"Shaded","section":"Shading Mode"},"sceneLighting":false,"audioPlay":false,"sceneViewState":{"showFog":true,"showMaterialUpdate":false,"showSkybox":true,"showFlares":true,"showImageEffects":true,"showParticleSystems":true},"in2DMode":false,"pivot":{"x":-0.06238412857055664,"y":4.64708137512207,"z":-3.692446231842041},"rotation":{"x":0.007092861458659172,"y":-0.420837938785553,"z":0.003288642968982458,"w":0.9071021676063538},"size":23.751590728759767,"orthographic":false}