{"cameraMode":{"drawMode":0,"name":"Shaded","section":"Shading Mode"},"sceneLighting":false,"audioPlay":false,"sceneViewState":{"showFog":true,"showMaterialUpdate":false,"showSkybox":true,"showFlares":true,"showImageEffects":true,"showParticleSystems":true},"in2DMode":false,"pivot":{"x":57.56468963623047,"y":7.965904235839844,"z":-9.800000190734864},"rotation":{"x":0.2207237333059311,"y":-0.5424500703811646,"z":0.1503167599439621,"w":0.796513557434082},"size":5.518331527709961,"orthographic":false}