{"cameraMode":{"drawMode":0,"name":"Shaded","section":"Shading Mode"},"sceneLighting":false,"audioPlay":false,"sceneViewState":{"showFog":true,"showMaterialUpdate":false,"showSkybox":true,"showFlares":true,"showImageEffects":true,"showParticleSystems":true},"in2DMode":false,"pivot":{"x":0.7083616256713867,"y":1.3559036254882813,"z":0.2406005859375},"rotation":{"x":-0.029429437592625619,"y":-0.9414119124412537,"z":0.08525241911411286,"w":-0.3249763548374176},"size":14.547232627868653,"orthographic":false}