{"cameraMode":{"drawMode":0,"name":"Shaded","section":"Shading Mode"},"sceneLighting":false,"audioPlay":false,"sceneViewState":{"showFog":true,"showMaterialUpdate":false,"showSkybox":true,"showFlares":true,"showImageEffects":true,"showParticleSystems":true},"in2DMode":false,"pivot":{"x":0.6906461715698242,"y":2.997220754623413,"z":0.8397727012634277},"rotation":{"x":-0.04144546389579773,"y":0.3228784501552582,"z":-0.014154423959553242,"w":-0.9454266428947449},"size":6.077186584472656,"orthographic":false}