{"cameraMode":{"drawMode":0,"name":"Shaded","section":"Shading Mode"},"sceneLighting":false,"audioPlay":false,"sceneViewState":{"showFog":true,"showMaterialUpdate":false,"showSkybox":true,"showFlares":true,"showImageEffects":true,"showParticleSystems":true},"in2DMode":false,"pivot":{"x":0.7143277525901794,"y":0.22648358345031739,"z":-59.88274002075195},"rotation":{"x":0.09480513632297516,"y":0.7257813811302185,"z":-0.10213977843523026,"w":0.6736623048782349},"size":13.357316970825196,"orthographic":false}