{"cameraMode":{"drawMode":0,"name":"Shaded","section":"Shading Mode"},"sceneLighting":false,"audioPlay":false,"sceneViewState":{"showFog":true,"showMaterialUpdate":false,"showSkybox":true,"showFlares":true,"showImageEffects":true,"showParticleSystems":true},"in2DMode":false,"pivot":{"x":-5.521430969238281,"y":4.093390464782715,"z":-0.18219947814941407},"rotation":{"x":-0.029429437592625619,"y":-0.9414119124412537,"z":0.08525241911411286,"w":-0.3249763548374176},"size":33.00334930419922,"orthographic":false}