{"cameraMode":{"drawMode":0,"name":"Shaded","section":"Shading Mode"},"sceneLighting":false,"audioPlay":false,"sceneViewState":{"showFog":true,"showMaterialUpdate":false,"showSkybox":true,"showFlares":true,"showImageEffects":true,"showParticleSystems":true},"in2DMode":false,"pivot":{"x":27.484050750732423,"y":4.291486740112305,"z":-8.71985149383545},"rotation":{"x":0.013813682831823826,"y":-0.5212556719779968,"z":-0.00843903236091137,"w":-0.8532470464706421},"size":30.737478256225587,"orthographic":false}