{"cameraMode":{"drawMode":0,"name":"Shaded","section":"Shading Mode"},"sceneLighting":false,"audioPlay":false,"sceneViewState":{"showFog":true,"showMaterialUpdate":false,"showSkybox":true,"showFlares":true,"showImageEffects":true,"showParticleSystems":true},"in2DMode":false,"pivot":{"x":-0.28300905227661135,"y":0.2137553095817566,"z":2.6506452560424806},"rotation":{"x":-0.04144546389579773,"y":0.3228784501552582,"z":-0.014154423959553242,"w":-0.9454266428947449},"size":7.790530204772949,"orthographic":false}