{"cameraMode":{"drawMode":0,"name":"Shaded","section":"Shading Mode"},"sceneLighting":false,"audioPlay":false,"sceneViewState":{"showFog":true,"showMaterialUpdate":false,"showSkybox":true,"showFlares":true,"showImageEffects":true,"showParticleSystems":true},"in2DMode":false,"pivot":{"x":-0.6094939112663269,"y":1.3763203620910645,"z":-0.9595603942871094},"rotation":{"x":0.011104538105428219,"y":0.9571515321731567,"z":-0.2869950830936432,"w":0.03703371435403824},"size":10.374053955078125,"orthographic":false}