{"cameraMode":{"drawMode":0,"name":"Shaded","section":"Shading Mode"},"sceneLighting":false,"audioPlay":false,"sceneViewState":{"showFog":true,"showMaterialUpdate":false,"showSkybox":true,"showFlares":true,"showImageEffects":true,"showParticleSystems":true},"in2DMode":false,"pivot":{"x":0.18256449699401856,"y":1.3143037557601929,"z":0.28710246086120608},"rotation":{"x":-0.04144546389579773,"y":0.3228784501552582,"z":-0.014154423959553242,"w":-0.9454266428947449},"size":4.200057029724121,"orthographic":false}