{"cameraMode":{"drawMode":0,"name":"Shaded","section":"Shading Mode"},"sceneLighting":false,"audioPlay":false,"sceneViewState":{"showFog":true,"showMaterialUpdate":false,"showSkybox":true,"showFlares":true,"showImageEffects":true,"showParticleSystems":true},"in2DMode":false,"pivot":{"x":11.528903007507325,"y":0.07800006866455078,"z":-1.971412181854248},"rotation":{"x":0.013813682831823826,"y":-0.5212556719779968,"z":-0.00843903236091137,"w":-0.8532470464706421},"size":25.933286666870118,"orthographic":false}