{"cameraMode":{"drawMode":0,"name":"Shaded","section":"Shading Mode"},"sceneLighting":false,"audioPlay":false,"sceneViewState":{"showFog":true,"showMaterialUpdate":false,"showSkybox":true,"showFlares":true,"showImageEffects":true,"showParticleSystems":true},"in2DMode":false,"pivot":{"x":11.775741577148438,"y":1.3127810955047608,"z":-2.901968002319336},"rotation":{"x":-0.083278127014637,"y":-0.5758914947509766,"z":0.05912685766816139,"w":-0.8111213445663452},"size":5.015664577484131,"orthographic":false}