{"cameraMode":{"drawMode":0,"name":"Shaded","section":"Shading Mode"},"sceneLighting":false,"audioPlay":false,"sceneViewState":{"showFog":true,"showMaterialUpdate":false,"showSkybox":true,"showFlares":true,"showImageEffects":true,"showParticleSystems":true},"in2DMode":false,"pivot":{"x":-1.2527015209197999,"y":3.8585519790649416,"z":-0.21324539184570313},"rotation":{"x":-0.0022193545009940864,"y":0.997756838798523,"z":-0.04373951256275177,"w":-0.05062882602214813},"size":22.498062133789064,"orthographic":false}