{"cameraMode":{"drawMode":0,"name":"Shaded","section":"Shading Mode"},"sceneLighting":false,"audioPlay":false,"sceneViewState":{"showFog":true,"showMaterialUpdate":false,"showSkybox":true,"showFlares":true,"showImageEffects":true,"showParticleSystems":true},"in2DMode":false,"pivot":{"x":2.683591365814209,"y":0.7014975547790527,"z":-7.104567527770996},"rotation":{"x":-0.020534448325634004,"y":-0.9790919423103333,"z":0.12882007658481599,"w":-0.1560857743024826},"size":16.765695571899415,"orthographic":false}