{"cameraMode":{"drawMode":0,"name":"Shaded","section":"Shading Mode"},"sceneLighting":false,"audioPlay":false,"sceneViewState":{"showFog":true,"showMaterialUpdate":false,"showSkybox":true,"showFlares":true,"showImageEffects":true,"showParticleSystems":true},"in2DMode":false,"pivot":{"x":2.4442102909088136,"y":5.4617204666137699,"z":62.855064392089847},"rotation":{"x":0.011104538105428219,"y":0.9571515321731567,"z":-0.2869950830936432,"w":0.03703371435403824},"size":48.53693389892578,"orthographic":false}