{"cameraMode":{"drawMode":0,"name":"Shaded","section":"Shading Mode"},"sceneLighting":false,"audioPlay":false,"sceneViewState":{"showFog":true,"showMaterialUpdate":false,"showSkybox":true,"showFlares":true,"showImageEffects":true,"showParticleSystems":true},"in2DMode":false,"pivot":{"x":-0.9376961588859558,"y":0.11024188995361328,"z":0.29798269271850588},"rotation":{"x":-0.020534448325634004,"y":-0.9790919423103333,"z":0.12882007658481599,"w":-0.1560857743024826},"size":4.885094165802002,"orthographic":false}