{"cameraMode":{"drawMode":0,"name":"Shaded","section":"Shading Mode"},"sceneLighting":false,"audioPlay":false,"sceneViewState":{"showFog":true,"showMaterialUpdate":false,"showSkybox":true,"showFlares":true,"showImageEffects":true,"showParticleSystems":true},"in2DMode":false,"pivot":{"x":1.6262956857681275,"y":3.308485984802246,"z":0.5784039497375488},"rotation":{"x":-0.07821860164403916,"y":0.017043761909008027,"z":-0.0013375256676226855,"w":-0.9967896938323975},"size":8.67147445678711,"orthographic":false}