{"cameraMode":{"drawMode":0,"name":"Shaded","section":"Shading Mode"},"sceneLighting":false,"audioPlay":false,"sceneViewState":{"showFog":true,"showMaterialUpdate":false,"showSkybox":true,"showFlares":true,"showImageEffects":true,"showParticleSystems":true},"in2DMode":false,"pivot":{"x":0.3770778179168701,"y":0.28299641609191897,"z":0.12635374069213868},"rotation":{"x":0.17192509770393372,"y":0.019815195351839067,"z":-0.0034608475398272278,"w":0.9849046468734741},"size":7.07354736328125,"orthographic":false}