{"cameraMode":{"drawMode":0,"name":"Shaded","section":"Shading Mode"},"sceneLighting":true,"audioPlay":false,"sceneViewState":{"showFog":true,"showMaterialUpdate":false,"showSkybox":true,"showFlares":true,"showImageEffects":true,"showParticleSystems":true},"in2DMode":false,"pivot":{"x":33.343353271484378,"y":1.0976133346557618,"z":-7.23330020904541},"rotation":{"x":-0.12710098922252656,"y":0.6422293782234192,"z":-0.10912934690713883,"w":-0.747982382774353},"size":31.12177276611328,"orthographic":false}