{"cameraMode":{"drawMode":0,"name":"Shaded","section":"Shading Mode"},"sceneLighting":false,"audioPlay":false,"sceneViewState":{"showFog":true,"showMaterialUpdate":false,"showSkybox":true,"showFlares":true,"showImageEffects":true,"showParticleSystems":true},"in2DMode":false,"pivot":{"x":-0.5099730491638184,"y":2.570000171661377,"z":-20.12803077697754},"rotation":{"x":-0.008303569629788399,"y":-0.9705368876457214,"z":0.03379978984594345,"w":-0.23842565715312959},"size":38.42185592651367,"orthographic":false}