{"cameraMode":{"drawMode":0,"name":"Shaded","section":"Shading Mode"},"sceneLighting":false,"audioPlay":false,"sceneViewState":{"showFog":true,"showMaterialUpdate":false,"showSkybox":true,"showFlares":true,"showImageEffects":true,"showParticleSystems":true},"in2DMode":false,"pivot":{"x":-0.667755663394928,"y":0.23509590327739716,"z":2.679006814956665},"rotation":{"x":-0.04484730213880539,"y":-0.43388840556144717,"z":0.021630514413118364,"w":-0.8995897769927979},"size":15.702688217163086,"orthographic":false}