{"cameraMode":{"drawMode":0,"name":"Shaded","section":"Shading Mode"},"sceneLighting":false,"audioPlay":false,"sceneViewState":{"showFog":true,"showMaterialUpdate":false,"showSkybox":true,"showFlares":true,"showImageEffects":true,"showParticleSystems":true},"in2DMode":false,"pivot":{"x":3.0985584259033205,"y":0.5048693418502808,"z":-0.35985326766967776},"rotation":{"x":-0.0022193545009940864,"y":0.997756838798523,"z":-0.04373951256275177,"w":-0.05062882602214813},"size":5.724062919616699,"orthographic":false}