{"cameraMode":{"drawMode":0,"name":"Shaded","section":"Shading Mode"},"sceneLighting":false,"audioPlay":false,"sceneViewState":{"showFog":true,"showMaterialUpdate":false,"showSkybox":true,"showFlares":true,"showImageEffects":true,"showParticleSystems":true},"in2DMode":false,"pivot":{"x":0.0,"y":-4.904998779296875,"z":6.656709671020508},"rotation":{"x":-0.008720966055989266,"y":-0.775360107421875,"z":0.010709742084145546,"w":-0.6313684582710266},"size":105.06611633300781,"orthographic":false}