{"cameraMode":{"drawMode":0,"name":"Shaded","section":"Shading Mode"},"sceneLighting":false,"audioPlay":false,"sceneViewState":{"showFog":true,"showMaterialUpdate":false,"showSkybox":true,"showFlares":true,"showImageEffects":true,"showParticleSystems":true},"in2DMode":false,"pivot":{"x":0.7929832935333252,"y":-0.0000018977302715939005,"z":5.060868263244629},"rotation":{"x":-0.04317847639322281,"y":-0.768905520439148,"z":0.05222081393003464,"w":-0.6357617378234863},"size":25.42963409423828,"orthographic":false}