{"cameraMode":{"drawMode":0,"name":"Shaded","section":"Shading Mode"},"sceneLighting":false,"audioPlay":false,"sceneViewState":{"showFog":true,"showMaterialUpdate":false,"showSkybox":true,"showFlares":true,"showImageEffects":true,"showParticleSystems":true},"in2DMode":false,"pivot":{"x":10.262137413024903,"y":1.3265070915222169,"z":-0.05548667907714844},"rotation":{"x":-0.0022193545009940864,"y":0.997756838798523,"z":-0.04373951256275177,"w":-0.05062882602214813},"size":6.133950233459473,"orthographic":false}