{"cameraMode":{"drawMode":0,"name":"Shaded","section":"Shading Mode"},"sceneLighting":false,"audioPlay":false,"sceneViewState":{"showFog":true,"showMaterialUpdate":false,"showSkybox":true,"showFlares":true,"showImageEffects":true,"showParticleSystems":true},"in2DMode":false,"pivot":{"x":6.954036712646484,"y":-2.2049102783203127,"z":0.6522610187530518},"rotation":{"x":0.19551700353622437,"y":0.5967025756835938,"z":-0.15287989377975465,"w":0.7631165385246277},"size":18.722076416015626,"orthographic":false}