{"cameraMode":{"drawMode":0,"name":"Shaded","section":"Shading Mode"},"sceneLighting":false,"audioPlay":false,"sceneViewState":{"showFog":true,"showMaterialUpdate":false,"showSkybox":true,"showFlares":true,"showImageEffects":true,"showParticleSystems":true},"in2DMode":false,"pivot":{"x":-22.202999114990236,"y":2.672307014465332,"z":4.138256072998047},"rotation":{"x":0.007912578992545605,"y":0.9796094298362732,"z":-0.19685636460781098,"w":0.03937458619475365},"size":1.9099618196487427,"orthographic":false}