{"cameraMode":{"drawMode":0,"name":"Shaded","section":"Shading Mode"},"sceneLighting":false,"audioPlay":false,"sceneViewState":{"showFog":true,"showMaterialUpdate":false,"showSkybox":true,"showFlares":true,"showImageEffects":true,"showParticleSystems":true},"in2DMode":false,"pivot":{"x":-0.8211345672607422,"y":1.4231154918670655,"z":2.518515110015869},"rotation":{"x":-0.01446151826530695,"y":0.8035275340080261,"z":-0.01953752338886261,"w":-0.594771146774292},"size":18.041549682617189,"orthographic":false}