{"cameraMode":{"drawMode":0,"name":"Shaded","section":"Shading Mode"},"sceneLighting":false,"audioPlay":false,"sceneViewState":{"showFog":true,"showMaterialUpdate":false,"showSkybox":true,"showFlares":true,"showImageEffects":true,"showParticleSystems":true},"in2DMode":false,"pivot":{"x":571.5648193359375,"y":306.2585144042969,"z":-36.16762924194336},"rotation":{"x":0.011104538105428219,"y":0.9571515321731567,"z":-0.2869950830936432,"w":0.03703371435403824},"size":2559.73681640625,"orthographic":false}