{"cameraMode":{"drawMode":0,"name":"Shaded","section":"Shading Mode"},"sceneLighting":false,"audioPlay":false,"sceneViewState":{"showFog":true,"showMaterialUpdate":false,"showSkybox":true,"showFlares":true,"showImageEffects":true,"showParticleSystems":true},"in2DMode":false,"pivot":{"x":-7.038367748260498,"y":-1.0101628303527833,"z":-66.6886978149414},"rotation":{"x":0.007912578992545605,"y":0.9796094298362732,"z":-0.19685636460781098,"w":0.03937458619475365},"size":16.094263076782228,"orthographic":false}