{"cameraMode":{"drawMode":0,"name":"Shaded","section":"Shading Mode"},"sceneLighting":false,"audioPlay":false,"sceneViewState":{"showFog":true,"showMaterialUpdate":false,"showSkybox":true,"showFlares":true,"showImageEffects":true,"showParticleSystems":true},"in2DMode":false,"pivot":{"x":-6.645543098449707,"y":-0.20157814025878907,"z":-15.844915390014649},"rotation":{"x":-0.04256325587630272,"y":-0.9371881484985352,"z":0.1232992559671402,"w":-0.3235183358192444},"size":3.6905765533447267,"orthographic":false}