{"cameraMode":{"drawMode":0,"name":"Shaded","section":"Shading Mode"},"sceneLighting":true,"audioPlay":false,"sceneViewState":{"showFog":true,"showMaterialUpdate":false,"showSkybox":true,"showFlares":true,"showImageEffects":true,"showParticleSystems":true},"in2DMode":false,"pivot":{"x":-443.8509216308594,"y":94.54051208496094,"z":40.49071502685547},"rotation":{"x":0.0184532031416893,"y":0.8140879273414612,"z":-0.025905869901180269,"w":0.5798701047897339},"size":2.3790969848632814,"orthographic":false}