{"cameraMode":{"drawMode":0,"name":"Shaded","section":"Shading Mode"},"sceneLighting":false,"audioPlay":false,"sceneViewState":{"showFog":true,"showMaterialUpdate":false,"showSkybox":true,"showFlares":true,"showImageEffects":true,"showParticleSystems":true},"in2DMode":false,"pivot":{"x":-6.082184314727783,"y":0.7391400933265686,"z":-21.255577087402345},"rotation":{"x":-0.15407362580299378,"y":-0.32334452867507937,"z":0.0534464567899704,"w":-0.9321228861808777},"size":6.6231794357299809,"orthographic":false}