{"cameraMode":{"drawMode":0,"name":"Shaded","section":"Shading Mode"},"sceneLighting":false,"audioPlay":false,"sceneViewState":{"showFog":true,"showMaterialUpdate":false,"showSkybox":true,"showFlares":true,"showImageEffects":true,"showParticleSystems":true},"in2DMode":false,"pivot":{"x":0.4000000059604645,"y":0.7599999904632568,"z":-24.299999237060548},"rotation":{"x":0.0184532031416893,"y":0.8140879273414612,"z":-0.025905869901180269,"w":0.5798701047897339},"size":22.0,"orthographic":false}