{"cameraMode":{"drawMode":0,"name":"Shaded","section":"Shading Mode"},"sceneLighting":false,"audioPlay":false,"sceneViewState":{"showFog":true,"showMaterialUpdate":false,"showSkybox":true,"showFlares":true,"showImageEffects":true,"showParticleSystems":true},"in2DMode":false,"pivot":{"x":0.23693512380123139,"y":-0.0882101058959961,"z":6.226387023925781},"rotation":{"x":0.19701440632343293,"y":-0.008219447918236256,"z":0.001649870304390788,"w":0.9803647994995117},"size":13.162023544311524,"orthographic":false}