{"cameraMode":{"drawMode":0,"name":"Shaded","section":"Shading Mode"},"sceneLighting":false,"audioPlay":false,"sceneViewState":{"showFog":true,"showMaterialUpdate":false,"showSkybox":true,"showFlares":true,"showImageEffects":true,"showParticleSystems":true},"in2DMode":false,"pivot":{"x":5.041894435882568,"y":-1.034494400024414,"z":-2.3123369216918947},"rotation":{"x":0.011104538105428219,"y":0.9571515321731567,"z":-0.2869950830936432,"w":0.03703371435403824},"size":17.283945083618165,"orthographic":false}