{"cameraMode":{"drawMode":0,"name":"Shaded","section":"Shading Mode"},"sceneLighting":false,"audioPlay":false,"sceneViewState":{"showFog":true,"showMaterialUpdate":false,"showSkybox":true,"showFlares":true,"showImageEffects":true,"showParticleSystems":true},"in2DMode":false,"pivot":{"x":16.872285842895509,"y":0.13496892154216767,"z":-56.006996154785159},"rotation":{"x":-0.008720966055989266,"y":-0.775360107421875,"z":0.010709742084145546,"w":-0.6313684582710266},"size":19.700613021850587,"orthographic":false}