{"cameraMode":{"drawMode":0,"name":"Shaded","section":"Shading Mode"},"sceneLighting":false,"audioPlay":false,"sceneViewState":{"showFog":true,"showMaterialUpdate":false,"showSkybox":true,"showFlares":true,"showImageEffects":true,"showParticleSystems":true},"in2DMode":false,"pivot":{"x":0.546869158744812,"y":5.028477191925049,"z":-3.6214537620544435},"rotation":{"x":-0.0445362851023674,"y":-0.9503897428512573,"z":0.16150344908237458,"w":-0.262092649936676},"size":15.894837379455567,"orthographic":false}