{"cameraMode":{"drawMode":0,"name":"Shaded","section":"Shading Mode"},"sceneLighting":true,"audioPlay":false,"sceneViewState":{"showFog":true,"showMaterialUpdate":false,"showSkybox":true,"showFlares":true,"showImageEffects":true,"showParticleSystems":true},"in2DMode":false,"pivot":{"x":59.09047317504883,"y":0.20819759368896485,"z":-25.164777755737306},"rotation":{"x":0.07528091222047806,"y":0.8929193615913391,"z":-0.16278356313705445,"w":0.4129520058631897},"size":36.0341682434082,"orthographic":false}