{"cameraMode":{"drawMode":0,"name":"Shaded","section":"Shading Mode"},"sceneLighting":false,"audioPlay":false,"sceneViewState":{"showFog":true,"showMaterialUpdate":false,"showSkybox":true,"showFlares":true,"showImageEffects":true,"showParticleSystems":true},"in2DMode":false,"pivot":{"x":11.213576316833496,"y":1.3599402904510499,"z":-68.62358093261719},"rotation":{"x":0.0027114334516227247,"y":-0.9638822078704834,"z":-0.00982059445232153,"w":-0.26613396406173708},"size":23.493349075317384,"orthographic":false}