{"cameraMode":{"drawMode":0,"name":"Shaded","section":"Shading Mode"},"sceneLighting":false,"audioPlay":false,"sceneViewState":{"showFog":true,"showMaterialUpdate":false,"showSkybox":true,"showFlares":true,"showImageEffects":true,"showParticleSystems":true},"in2DMode":false,"pivot":{"x":-5.99125337600708,"y":5.009997367858887,"z":0.16726303100585938},"rotation":{"x":-0.0022193545009940864,"y":0.997756838798523,"z":-0.04373951256275177,"w":-0.05062882602214813},"size":23.906497955322267,"orthographic":false}