{"cameraMode":{"drawMode":0,"name":"Shaded","section":"Shading Mode"},"sceneLighting":false,"audioPlay":false,"sceneViewState":{"showFog":true,"showMaterialUpdate":false,"showSkybox":true,"showFlares":true,"showImageEffects":true,"showParticleSystems":true},"in2DMode":false,"pivot":{"x":-0.6646480560302734,"y":0.788649320602417,"z":63.139854431152347},"rotation":{"x":0.011104538105428219,"y":0.9571515321731567,"z":-0.2869950830936432,"w":0.03703371435403824},"size":39.452274322509769,"orthographic":false}