{"cameraMode":{"drawMode":0,"name":"Shaded","section":"Shading Mode"},"sceneLighting":false,"audioPlay":false,"sceneViewState":{"showFog":true,"showMaterialUpdate":false,"showSkybox":true,"showFlares":true,"showImageEffects":true,"showParticleSystems":true},"in2DMode":false,"pivot":{"x":803.258056640625,"y":437.3765869140625,"z":-89.3016357421875},"rotation":{"x":-0.07374919950962067,"y":0.004462191369384527,"z":-0.0003283664118498564,"w":-0.9972668290138245},"size":1264.3348388671875,"orthographic":false}