{"cameraMode":{"drawMode":0,"name":"Shaded","section":"Shading Mode"},"sceneLighting":false,"audioPlay":false,"sceneViewState":{"showFog":true,"showMaterialUpdate":false,"showSkybox":true,"showFlares":true,"showImageEffects":true,"showParticleSystems":true},"in2DMode":false,"pivot":{"x":-367.5079345703125,"y":-91.86264038085938,"z":-234.0283203125},"rotation":{"x":-0.029429437592625619,"y":-0.9414119124412537,"z":0.08525241911411286,"w":-0.3249763548374176},"size":1566.4771728515625,"orthographic":false}