{"cameraMode":{"drawMode":0,"name":"Shaded","section":"Shading Mode"},"sceneLighting":false,"audioPlay":false,"sceneViewState":{"showFog":true,"showMaterialUpdate":false,"showSkybox":true,"showFlares":true,"showImageEffects":true,"showParticleSystems":true},"in2DMode":false,"pivot":{"x":-6.728438377380371,"y":-0.039999961853027347,"z":-21.610979080200197},"rotation":{"x":0.013813682831823826,"y":-0.5212556719779968,"z":-0.00843903236091137,"w":-0.8532470464706421},"size":19.253522872924806,"orthographic":false}