{"cameraMode":{"drawMode":0,"name":"Shaded","section":"Shading Mode"},"sceneLighting":false,"audioPlay":false,"sceneViewState":{"showFog":true,"showMaterialUpdate":false,"showSkybox":true,"showFlares":true,"showImageEffects":true,"showParticleSystems":true},"in2DMode":false,"pivot":{"x":2.2710084915161135,"y":1.7499185800552369,"z":-3.34309458732605},"rotation":{"x":-0.008303569629788399,"y":-0.9705368876457214,"z":0.03379978984594345,"w":-0.23842565715312959},"size":18.990102767944337,"orthographic":false}