{"cameraMode":{"drawMode":0,"name":"Shaded","section":"Shading Mode"},"sceneLighting":true,"audioPlay":false,"sceneViewState":{"showFog":true,"showMaterialUpdate":false,"showSkybox":true,"showFlares":true,"showImageEffects":true,"showParticleSystems":true},"in2DMode":false,"pivot":{"x":-5.175167083740234,"y":0.500554084777832,"z":1.128250241279602},"rotation":{"x":-0.20146220922470094,"y":-0.6796523332595825,"z":0.20267631113529206,"w":-0.675579845905304},"size":17.718297958374025,"orthographic":false}