{"cameraMode":{"drawMode":0,"name":"Shaded","section":"Shading Mode"},"sceneLighting":false,"audioPlay":false,"sceneViewState":{"showFog":true,"showMaterialUpdate":false,"showSkybox":true,"showFlares":true,"showImageEffects":true,"showParticleSystems":true},"in2DMode":false,"pivot":{"x":2.8915984630584719,"y":1.2265713214874268,"z":23.001073837280275},"rotation":{"x":0.09204676002264023,"y":-0.3329586088657379,"z":0.03267704322934151,"w":0.9378689527511597},"size":0.6946513056755066,"orthographic":false}