{"cameraMode":{"drawMode":2,"name":"Shaded Wireframe","section":"Shading Mode"},"sceneLighting":false,"audioPlay":false,"sceneViewState":{"showFog":true,"showMaterialUpdate":false,"showSkybox":true,"showFlares":true,"showImageEffects":true,"showParticleSystems":true},"in2DMode":false,"pivot":{"x":110.4000015258789,"y":13.199999809265137,"z":-15.899999618530274},"rotation":{"x":0.12396948784589768,"y":0.6393914222717285,"z":-0.10548202693462372,"w":0.7514544725418091},"size":6.67807149887085,"orthographic":true}