{"cameraMode":{"drawMode":0,"name":"Shaded","section":"Shading Mode"},"sceneLighting":false,"audioPlay":false,"sceneViewState":{"showFog":true,"showMaterialUpdate":false,"showSkybox":true,"showFlares":true,"showImageEffects":true,"showParticleSystems":true},"in2DMode":false,"pivot":{"x":0.7615478038787842,"y":1.4527209997177125,"z":0.8874078989028931},"rotation":{"x":0.0022572712041437628,"y":0.5439144968986511,"z":0.0014631615485996009,"w":-0.8391363620758057},"size":1.6975884437561036,"orthographic":false}