{"cameraMode":{"drawMode":0,"name":"Shaded","section":"Shading Mode"},"sceneLighting":true,"audioPlay":false,"sceneViewState":{"showFog":true,"showMaterialUpdate":false,"showSkybox":true,"showFlares":true,"showImageEffects":true,"showParticleSystems":true},"in2DMode":false,"pivot":{"x":11.549798011779786,"y":12.895234107971192,"z":17.498830795288087},"rotation":{"x":0.09176820516586304,"y":-0.9068118929862976,"z":0.26304665207862856,"w":0.3163500428199768},"size":3.5396270751953127,"orthographic":false}