{"cameraMode":{"drawMode":0,"name":"Shaded","section":"Shading Mode"},"sceneLighting":false,"audioPlay":false,"sceneViewState":{"showFog":true,"showMaterialUpdate":false,"showSkybox":true,"showFlares":true,"showImageEffects":true,"showParticleSystems":true},"in2DMode":false,"pivot":{"x":2.291832447052002,"y":-0.7802658081054688,"z":-2.8634510040283205},"rotation":{"x":0.1988578587770462,"y":0.044084582477808,"z":-0.008954985067248345,"w":0.9789954423904419},"size":26.11548614501953,"orthographic":false}