{"cameraMode":{"drawMode":0,"name":"Shaded","section":"Shading Mode"},"sceneLighting":true,"audioPlay":false,"sceneViewState":{"showFog":true,"showMaterialUpdate":false,"showSkybox":true,"showFlares":true,"showImageEffects":true,"showParticleSystems":true},"in2DMode":false,"pivot":{"x":-3.992074966430664,"y":0.6211621761322022,"z":0.27184009552001955},"rotation":{"x":0.20866964757442475,"y":0.031640730798244479,"z":-0.006756360176950693,"w":0.9774508476257324},"size":7.979194164276123,"orthographic":false}