{"cameraMode":{"drawMode":0,"name":"Shaded","section":"Shading Mode"},"sceneLighting":true,"audioPlay":false,"sceneViewState":{"showFog":true,"showMaterialUpdate":false,"showSkybox":true,"showFlares":true,"showImageEffects":true,"showParticleSystems":true},"in2DMode":false,"pivot":{"x":-52.16419982910156,"y":6.874503135681152,"z":-23.792503356933595},"rotation":{"x":0.03792819753289223,"y":-0.9458096027374268,"z":0.11980681121349335,"w":0.29941946268081667},"size":4.614009380340576,"orthographic":true}