{"cameraMode":{"drawMode":0,"name":"Shaded","section":"Shading Mode"},"sceneLighting":false,"audioPlay":false,"sceneViewState":{"showFog":true,"showMaterialUpdate":false,"showSkybox":true,"showFlares":true,"showImageEffects":true,"showParticleSystems":true},"in2DMode":false,"pivot":{"x":-0.1773228645324707,"y":1.7079708576202393,"z":-0.4831975996494293},"rotation":{"x":0.004242614842951298,"y":0.7070940732955933,"z":0.00424261623993516,"w":-0.7070940732955933},"size":5.725369930267334,"orthographic":false}