{"cameraMode":{"drawMode":0,"name":"Shaded","section":"Shading Mode"},"sceneLighting":false,"audioPlay":false,"sceneViewState":{"showFog":true,"showMaterialUpdate":false,"showSkybox":true,"showFlares":true,"showImageEffects":true,"showParticleSystems":true},"in2DMode":false,"pivot":{"x":23.013427734375,"y":10.8909912109375,"z":8.3671875},"rotation":{"x":0.08039379864931107,"y":0.11219237744808197,"z":-0.00912405364215374,"w":0.9903870820999146},"size":5.863888263702393,"orthographic":true}