{"cameraMode":{"drawMode":0,"name":"Shaded","section":"Shading Mode"},"sceneLighting":false,"audioPlay":false,"sceneViewState":{"showFog":true,"showMaterialUpdate":false,"showSkybox":true,"showFlares":true,"showImageEffects":true,"showParticleSystems":true},"in2DMode":false,"pivot":{"x":0.4000000059604645,"y":0.7599999904632568,"z":-24.299999237060548},"rotation":{"x":0.09204676002264023,"y":-0.3329586088657379,"z":0.03267704322934151,"w":0.9378689527511597},"size":22.0,"orthographic":false}