{"cameraMode":{"drawMode":0,"name":"Shaded","section":"Shading Mode"},"sceneLighting":true,"audioPlay":false,"sceneViewState":{"showFog":true,"showMaterialUpdate":false,"showSkybox":true,"showFlares":true,"showImageEffects":true,"showParticleSystems":true},"in2DMode":false,"pivot":{"x":117.7198257446289,"y":83.02656555175781,"z":-131.57656860351563},"rotation":{"x":0.2550951838493347,"y":0.01914113759994507,"z":-0.005068179219961166,"w":0.9667132496833801},"size":28.3071346282959,"orthographic":true}