{"cameraMode":{"drawMode":0,"name":"Shaded","section":"Shading Mode"},"sceneLighting":false,"audioPlay":false,"sceneViewState":{"showFog":true,"showMaterialUpdate":false,"showSkybox":true,"showFlares":true,"showImageEffects":true,"showParticleSystems":true},"in2DMode":false,"pivot":{"x":511.9171142578125,"y":383.9364929199219,"z":0.5850486755371094},"rotation":{"x":0.08039379864931107,"y":0.11219237744808197,"z":-0.00912405364215374,"w":0.9903870820999146},"size":2.8578546047210695,"orthographic":true}