{"cameraMode":{"drawMode":0,"name":"Shaded","section":"Shading Mode"},"sceneLighting":true,"audioPlay":false,"sceneViewState":{"showFog":true,"showMaterialUpdate":false,"showSkybox":true,"showFlares":true,"showImageEffects":true,"showParticleSystems":true},"in2DMode":false,"pivot":{"x":10.802947998046875,"y":-1.7226238250732422,"z":20.855220794677736},"rotation":{"x":0.08039379864931107,"y":0.11219237744808197,"z":-0.00912405364215374,"w":0.9903870820999146},"size":5.472528457641602,"orthographic":true}