{"cameraMode":{"drawMode":2,"name":"Shaded Wireframe","section":"Shading Mode"},"sceneLighting":false,"audioPlay":false,"sceneViewState":{"showFog":true,"showMaterialUpdate":false,"showSkybox":true,"showFlares":true,"showImageEffects":true,"showParticleSystems":true},"in2DMode":false,"pivot":{"x":0.4000000059604645,"y":0.7599999904632568,"z":-24.299999237060548},"rotation":{"x":0.12396948784589768,"y":0.6393914222717285,"z":-0.10548202693462372,"w":0.7514544725418091},"size":22.0,"orthographic":true}