{"cameraMode":{"drawMode":0,"name":"Shaded","section":"Shading Mode"},"sceneLighting":false,"audioPlay":false,"sceneViewState":{"showFog":true,"showMaterialUpdate":false,"showSkybox":true,"showFlares":true,"showImageEffects":true,"showParticleSystems":true},"in2DMode":false,"pivot":{"x":511.9200134277344,"y":383.9364929199219,"z":0.5850499868392944},"rotation":{"x":0.08040739595890045,"y":0.11070667207241059,"z":-0.009003452956676484,"w":0.9905542731285095},"size":1.1036375761032105,"orthographic":true}