{"cameraMode":{"drawMode":0,"name":"Shaded","section":"Shading Mode"},"sceneLighting":false,"audioPlay":false,"sceneViewState":{"showFog":true,"showMaterialUpdate":false,"showSkybox":true,"showFlares":true,"showImageEffects":true,"showParticleSystems":true},"in2DMode":false,"pivot":{"x":28.732723236083986,"y":-12.46846866607666,"z":27.210693359375},"rotation":{"x":-0.11939649283885956,"y":0.316386878490448,"z":-0.0401768833398819,"w":-0.9402285218238831},"size":83.74251556396485,"orthographic":false}