{"cameraMode":{"drawMode":0,"name":"Shaded","section":"Shading Mode"},"sceneLighting":true,"audioPlay":false,"sceneViewState":{"showFog":true,"showMaterialUpdate":false,"showSkybox":true,"showFlares":true,"showImageEffects":true,"showParticleSystems":true},"in2DMode":false,"pivot":{"x":47.9541015625,"y":17.351076126098634,"z":-20.40875244140625},"rotation":{"x":0.18259087204933167,"y":0.6715519428253174,"z":-0.1761329472064972,"w":0.6961723566055298},"size":95.80088806152344,"orthographic":true}