{"cameraMode":{"drawMode":0,"name":"Shaded","section":"Shading Mode"},"sceneLighting":true,"audioPlay":false,"sceneViewState":{"showFog":true,"showMaterialUpdate":false,"showSkybox":true,"showFlares":true,"showImageEffects":true,"showParticleSystems":true},"in2DMode":false,"pivot":{"x":0.9930105209350586,"y":0.7735774517059326,"z":2.53775691986084},"rotation":{"x":-0.19670280814170838,"y":0.054968807846307757,"z":-0.011046028696000576,"w":-0.9788587689399719},"size":8.726908683776856,"orthographic":false}