{"cameraMode":{"drawMode":0,"name":"Shaded","section":"Shading Mode"},"sceneLighting":false,"audioPlay":false,"sceneViewState":{"showFog":true,"showMaterialUpdate":false,"showSkybox":true,"showFlares":true,"showImageEffects":true,"showParticleSystems":true},"in2DMode":false,"pivot":{"x":-35.21821975708008,"y":29.527725219726564,"z":32.55923080444336},"rotation":{"x":0.1896955817937851,"y":0.5450530648231506,"z":-0.12819598615169526,"w":0.8065349459648132},"size":61.55961608886719,"orthographic":true}