{"cameraMode":{"drawMode":0,"name":"Shaded","section":"Shading Mode"},"sceneLighting":false,"audioPlay":false,"sceneViewState":{"showFog":true,"showMaterialUpdate":false,"showSkybox":true,"showFlares":true,"showImageEffects":true,"showParticleSystems":true},"in2DMode":false,"pivot":{"x":0.3999999761581421,"y":1.039662480354309,"z":24.845184326171876},"rotation":{"x":-0.10440227389335633,"y":-0.8907184600830078,"z":0.2595030665397644,"w":-0.3583000600337982},"size":3.0407607555389406,"orthographic":false}