{"cameraMode":{"drawMode":0,"name":"Shaded","section":"Shading Mode"},"sceneLighting":true,"audioPlay":false,"sceneViewState":{"showFog":true,"showMaterialUpdate":false,"showSkybox":true,"showFlares":true,"showImageEffects":true,"showParticleSystems":true},"in2DMode":false,"pivot":{"x":110.39835357666016,"y":14.98523998260498,"z":-15.899999618530274},"rotation":{"x":-0.10570355504751206,"y":0.8778867721557617,"z":-0.2274278998374939,"w":-0.40794381499290469},"size":1.1953891515731812,"orthographic":true}