{"cameraMode":{"drawMode":0,"name":"Shaded","section":"Shading Mode"},"sceneLighting":true,"audioPlay":false,"sceneViewState":{"showFog":true,"showMaterialUpdate":false,"showSkybox":true,"showFlares":true,"showImageEffects":true,"showParticleSystems":true},"in2DMode":false,"pivot":{"x":3.5299997329711916,"y":-6.940025329589844,"z":-9.59000015258789},"rotation":{"x":0.08039379864931107,"y":0.11219237744808197,"z":-0.00912405364215374,"w":0.9903870820999146},"size":60.01556396484375,"orthographic":true}