{"cameraMode":{"drawMode":0,"name":"Shaded","section":"Shading Mode"},"sceneLighting":false,"audioPlay":false,"sceneViewState":{"showFog":true,"showMaterialUpdate":false,"showSkybox":true,"showFlares":true,"showImageEffects":true,"showParticleSystems":true},"in2DMode":false,"pivot":{"x":1.3437339067459107,"y":1.3831758499145508,"z":2.0077035427093508},"rotation":{"x":0.08469720929861069,"y":0.675740122795105,"z":-0.07861606031656265,"w":0.7280255556106567},"size":1.6520905494689942,"orthographic":false}