{"cameraMode":{"drawMode":0,"name":"Shaded","section":"Shading Mode"},"sceneLighting":false,"audioPlay":false,"sceneViewState":{"showFog":true,"showMaterialUpdate":false,"showSkybox":true,"showFlares":true,"showImageEffects":true,"showParticleSystems":true},"in2DMode":false,"pivot":{"x":-0.443483829498291,"y":-0.35027074813842776,"z":-0.2895922064781189},"rotation":{"x":-0.21639610826969148,"y":-0.654593825340271,"z":0.20378854870796204,"w":-0.6950899362564087},"size":16.5490779876709,"orthographic":false}