{"cameraMode":{"drawMode":0,"name":"Shaded","section":"Shading Mode"},"sceneLighting":false,"audioPlay":false,"sceneViewState":{"showFog":true,"showMaterialUpdate":false,"showSkybox":true,"showFlares":true,"showImageEffects":true,"showParticleSystems":true},"in2DMode":false,"pivot":{"x":-28.50390625,"y":157.28298950195313,"z":33.95109558105469},"rotation":{"x":-0.12893439829349519,"y":-0.5418791770935059,"z":0.08456534147262573,"w":-0.8261910676956177},"size":1541.699462890625,"orthographic":false}