{"cameraMode":{"drawMode":0,"name":"Shaded","section":"Shading Mode"},"sceneLighting":false,"audioPlay":false,"sceneViewState":{"showFog":true,"showMaterialUpdate":false,"showSkybox":true,"showFlares":true,"showImageEffects":true,"showParticleSystems":true},"in2DMode":false,"pivot":{"x":-20.662731170654298,"y":6.889776706695557,"z":-30.286170959472658},"rotation":{"x":-0.17716331779956819,"y":-0.5263340473175049,"z":0.11318091303110123,"w":-0.8238785266876221},"size":19.843185424804689,"orthographic":false}