{"cameraMode":{"drawMode":0,"name":"Shaded","section":"Shading Mode"},"sceneLighting":false,"audioPlay":false,"sceneViewState":{"showFog":true,"showMaterialUpdate":false,"showSkybox":true,"showFlares":true,"showImageEffects":true,"showParticleSystems":true},"in2DMode":false,"pivot":{"x":-68.9525146484375,"y":16.6472110748291,"z":18.634620666503908},"rotation":{"x":-0.12893439829349519,"y":-0.5418791770935059,"z":0.08456534147262573,"w":-0.8261910676956177},"size":47.936561584472659,"orthographic":false}