{"cameraMode":{"drawMode":0,"name":"Shaded","section":"Shading Mode"},"sceneLighting":false,"audioPlay":false,"sceneViewState":{"showFog":true,"showMaterialUpdate":false,"showSkybox":true,"showFlares":true,"showImageEffects":true,"showParticleSystems":true},"in2DMode":false,"pivot":{"x":-73.75917053222656,"y":8.824137687683106,"z":-31.440813064575197},"rotation":{"x":-0.026734407991170884,"y":0.9632641077041626,"z":-0.10475147515535355,"w":-0.24583487212657929},"size":4.740727424621582,"orthographic":false}